cluster-id,takeaways
5,"Participants stressed the importance of consistent wording, concrete plans for seizing AI opportunities, focusing on past AI achievements, consulting AI developers, and promoting compensation for AI in the market."
0,"Participants stressed the importance of ensuring ethical AI image generation practices, including public accessibility of datasets, obtaining consent from creators, and adherence to copyright laws. They also proposed setting guidelines for AI-generated content publication and considering legal recognition of AI with personhood. Transparency in data sources and the need for permission from copyright holders for AI learning were highlighted as crucial for the responsible development of AI technology."
4,"Participants highlighted concerns about AI-generated content impacting creators' rights, suggesting treating AI as a tool akin to a copier, with calls for clear copyright guidelines and revisions to address style imitation. The influence of copyright law, particularly Article 30-4, on AI-generated content and the need for consent in image-generating AI were key points raised."
2,"Participants highlighted concerns about unauthorized use of works impacting creativity, potential restrictions on AI development, and the well-being of creators.
They discussed the balance between copyright protection and AI learning, suggesting technical measures could conflict with copyright limitations.
The conversation also touched on the challenges of regulating technologies like mist in the context of digital art commercialization."
3,"Participants highlighted the need for regulations to distinguish human and AI capabilities, citing instances of AI-generated harm and concerns about stigmatization of AI users. Education on AI use and ensuring parity in permissible actions between humans and AI were also emphasized as key considerations in AI development."
1,"Participants highlighted the need for Japan to regulate AI development and copyright issues to prevent economic decline and job loss, emphasizing alignment with global trends and education on copyright laws for both users and creators. Suggestions included implementing mechanisms like watermarks and AI training refusal options to protect individual creativity and prevent content transfer without consent."
6,"Participants highlighted the importance of creators being able to opt out of AI training datasets to safeguard their rights, cautioned against income limitations by profession, warned against hindering AI progress with copyright restrictions, and advocated for making learning from illegal sources illegal."
